id,set,text
1,detection set (all 57 voices),"No total, sete mísseis foram disparados contra o encrave."
2,detection set (all 57 voices),"Até agora, na televisão, eles já somam quatro ministros."
3,detection set (all 57 voices),Os dois times perderam uma chance atrás da outra.
4,detection set (all 57 voices),Os médicos ainda não sabem quanto tempo ele deverá ficar no hospital.
5,detection set (all 57 voices),"Tenho muita vontade de aprender, mas baixo poder aquisitivo."
6,detection set (all 57 voices),"Apesar disso, continua ligado ao seu país de origem."
7,detection set (all 57 voices),Evite correr ao banco para trocar o seu dinheiro.
8,detection set (all 57 voices),"Em grande fase, é a nova sensação do time."
9,detection set (all 57 voices),Respondeu que a sua frase havia sido tirada do contexto.
10,detection set (all 57 voices),Na Universidade de Paris Três é só isso que se faz.
11,detection set (all 57 voices),A Coréia exporta um bilhão de dólares em móveis por ano.
12,detection set (all 57 voices),"A polícia apreendeu nos últimos vinte dias, sessenta carros a seu serviço."
13,detection set (all 57 voices),"Segundo ele, foi apenas um almoço rápido entre amigos."
14,detection set (all 57 voices),É muito raro que algum documentário esteja na lista deles.
15,detection set (all 57 voices),O novo presidente seria conhecido quatro dias após a votação.
16,detection set (all 57 voices),"Segundo Almeida, é praticamente impossível controlar o fogo sem ajuda exterior."
17,detection set (all 57 voices),A justiça brasileira considerou o fato apenas um crime comum.
18,detection set (all 57 voices),A decisão está para ser tomada em fevereiro ou março.
19,detection set (all 57 voices),A melhoria da qualidade não interessa só a técnicos ou empresários.
20,detection set (all 57 voices),No final era um monte de homens se abraçando e chorando.
21,detection set (all 57 voices),A margem de erro é de três pontos percentuais.
22,detection set (all 57 voices),Juliana disse que o banco a ser escolhido é surpresa.
23,detection set (all 57 voices),O vencedor de cada grupo ganha um ponto extra.
24,detection set (all 57 voices),Estava muito calor e não soubemos dosar a energia.
25,detection set (all 57 voices),"Segundo ele, a cabine não faz parte do edifício."
26,detection set (all 57 voices),Esse nosso sintetizador de voz vai ficar uma beleza.
27,detection set (all 57 voices),Empresa que serve ao Ministério da Fazenda aluga comitê aos tucanos.
28,detection set (all 57 voices),Os grandes bancos estão procurando apoiar as pequenas instituições.
29,detection set (all 57 voices),Outro obstáculo às relações afetivas é a competitividade interna.
30,detection set (all 57 voices),"Sem a retirada, os muçulmanos não compareceram às negociações."
31,detection set (all 57 voices),"Ele, ainda meio confuso, volta para perto da Constituição."
32,detection set (all 57 voices),Itamar pode faltar a Mercosul para ir à posse do presidente colombiano.
33,detection set (all 57 voices),Tem lucro de um bilhão de dólares por ano.
34,detection set (all 57 voices),"Os belgas reclamaram, mas o juiz não deu o pênalti."
35,detection set (all 57 voices),O Brasil está perdendo pouco a pouco a sua identidade.
36,detection set (all 57 voices),É mais importante saber o que fazem os jogadores no campo.
37,detection set (all 57 voices),Comprei um jogo de canetas e fui visitá-lo em sua casa.
38,detection set (all 57 voices),Meu tipo inesquecível é o advogado Francisco Rangel Pestana.
39,detection set (all 57 voices),"Empregado do Parlamento Europeu, ele tinha ligações com a bancada socialista."
40,detection set (all 57 voices),As entradas podem ser adquiridas pelo telefone acima.
41,detection set (all 57 voices),Aliados do tucano prevêem que essas lideranças ficarão neutras.
42,detection set (all 57 voices),Perdemos uma ótima oportunidade de fazer a revisão constitucional.
43,detection set (all 57 voices),Trabalhamos exclusivamente com tipos que fogem do padrão tradicional de beleza.
44,detection set (all 57 voices),"Não há, assim, motivo de temor para o Brasil."
45,detection set (all 57 voices),"No dia de seu aniversário, Rose não saiu de casa."
46,detection set (all 57 voices),Somente na última rodada serão definidas as colocações das equipes.
47,detection set (all 57 voices),Em abril a taxa foi de dois vírgula seis por cento.
48,detection set (all 57 voices),Sem falar nos que ainda não acertaram o fornecimento dos motores.
49,detection set (all 57 voices),Ser progressista hoje é ligar o pensamento liberal com a social democracia.
50,detection set (all 57 voices),"São tantas, que você aprende a conviver com elas."
51,longer-text set (switching experiment),"O truque, segundo ele, é aproveitar bem a madrugada."
52,longer-text set (switching experiment),Havia possibilidade de uma nova reunião ser convocada para hoje.
53,longer-text set (switching experiment),Os sobreviventes cremaram seus mortos e procuram reconstruir suas vidas.
54,longer-text set (switching experiment),As importações de maçã argentina não preocupam os plantadores.
55,longer-text set (switching experiment),"Daqui a pouco, a violência vai ser a única diversão."
56,longer-text set (switching experiment),"Agora, ele despenca do teto em direção ao piso."
57,longer-text set (switching experiment),"A televisão virou um açougue, uma máquina de produzir."
58,longer-text set (switching experiment),O governo poderá adotar ações penais por crime de omissão de socorro.
59,longer-text set (switching experiment),Nunca havia ido para um treino com seguranças no ônibus.
60,longer-text set (switching experiment),Eles experimentaram vários tipos de comidas exóticas durante a viagem.
61,longer-text set (switching experiment),Apenas dez por cento dos funcionários em todo Brasil trabalharam ontem.
62,longer-text set (switching experiment),Basta que sua remuneração não seja menor que setenta reais.
63,longer-text set (switching experiment),Isso traria efeitos sobre os financiamentos habitacionais feitos com recursos da poupança.
64,longer-text set (switching experiment),Esta diferença acabou se refletindo no índice de julho.
65,longer-text set (switching experiment),Desconfio que não resistirão à nossa aplicada tática de jogo.
66,longer-text set (switching experiment),O Brasil tem pressa e o governo está pronto para agir.
67,longer-text set (switching experiment),"Todos os dias, das dezessete horas ao último cliente."
68,longer-text set (switching experiment),Quero estar no grupo e ajudar sempre que necessário.
69,longer-text set (switching experiment),Venda de veículos no varejo bate novo recorde em maio.
70,longer-text set (switching experiment),Eu vi apenas dois videoteipes dos amistosos contra Argentina e Alemanha.
71,longer-text set (switching experiment),Os investidores foram para a Argentina e para a Venezuela.
72,longer-text set (switching experiment),"Para ele, a concorrência é boa para os consumidores."
73,longer-text set (switching experiment),As pessoas se divertiram tanto que aplaudiram de pé.
74,longer-text set (switching experiment),A perspectiva continua otimista para o médio e longo prazos.
75,longer-text set (switching experiment),"Existem péssimas edições do livro, por isso, use o da Edição Pensamento."
76,longer-text set (switching experiment),Ele defende a formulação de um programa mínimo para evitá-la.
77,longer-text set (switching experiment),"Outros produtos também lembrados: feijão, café e derivados de soja."
78,longer-text set (switching experiment),Eu queria fazer minhas próprias coisas e logo caí na real.
79,longer-text set (switching experiment),Quatro homens entraram separadamente pela porta principal da agência.
80,longer-text set (switching experiment),Eu acabo de receber uma crítica muito elogiosa aqui no Canadá.
81,longer-text set (switching experiment),O seqüestro de bens serviria para garantir o pagamento.
82,longer-text set (switching experiment),É uma política oportuna e bem conduzida até agora.
83,longer-text set (switching experiment),"Vamos esquecer o passado, vamos pensar no presente e no futuro."
84,longer-text set (switching experiment),"Depois que a Mangueira passar, o suspense dominará a passarela."
85,longer-text set (switching experiment),No entender do advogado Celso Botelho de Moraes não há inconstitucionalidade.
86,longer-text set (switching experiment),Primeiro arredondou a idade do percussionista para cinqüenta anos.
87,longer-text set (switching experiment),O curso é gratuito e tem a duração de seis meses.
88,longer-text set (switching experiment),O mais desculpável em Itamar são os seus vexames de passarela.
89,longer-text set (switching experiment),O termo caça-níqueis se aplica exatamente aos dois jogos.
90,longer-text set (switching experiment),Ela disse que o Alcorão deveria ser revisado cuidadosamente.
91,longer-text set (switching experiment),O grupo chegou quando os amotinados já tinham saído.
92,longer-text set (switching experiment),O ministério diz que não foi consultado sobre a transação.
93,longer-text set (switching experiment),O número de convocados por vaga é de doze candidatos.
94,longer-text set (switching experiment),Para discutir sobre ecologia e projetos para gerações futuras.
95,longer-text set (switching experiment),Fiz o que a maioria procurou fazer: evitei provocar marola.
96,longer-text set (switching experiment),Eu não quero e não vou falar sobre câmbio e juros.
97,longer-text set (switching experiment),"O partido precisaria, de resto, abrir-se para composições políticas."
98,longer-text set (switching experiment),A mãe de todas as reformas é a reforma política.
99,longer-text set (switching experiment),"A permanecer a atual situação, será o Brasil que não vingará."
100,longer-text set (switching experiment),Só para o curso de inglês é necessário conhecimento da língua.
